file	raw_width	raw_height	display_width	display_height	exif_orientation	brightness	center_brightness	contrast	sharpness	underexposed_pct	overexposed_pct	flags
0101-07-Captain Pikachu.jpg	4080	3072	3072	4080	6	67.25	68.32	50.87	23.29	10.59	0.21	
0102-07-Captain Pikachu.jpg	4080	3072	3072	4080	6	69.17	71.7	51.69	21.65	9.07	0.22	
0103-07-Captain Pikachu.jpg	4080	3072	3072	4080	6	64.88	67.8	50.77	29.68	13.65	0.05	
0104-07-Captain Pikachu.jpg	4080	3072	3072	4080	6	67.16	69.31	51.43	28.89	12.66	0.1	
0105-07-Captain Pikachu.jpg	4080	3072	3072	4080	6	62.4	66.39	51.47	23.68	16.12	0.02	
0201-07-Hisuian Growlithe.jpg	4080	3072	3072	4080	6	61.4	64.72	50.79	19.2	17.32	0.09	
0202-07-Hisuian Growlithe.jpg	4080	3072	3072	4080	6	66.83	69.4	51.75	20.34	11.95	0.18	
0203-07-Hisuian Growlithe.jpg	4080	3072	3072	4080	6	67.7	69.72	50.99	25.06	11.26	0.13	
0204-07-Hisuian Growlithe.jpg	4080	3072	3072	4080	6	63.38	64.57	49.72	24.22	15.27	0.02	
0205-07-Hisuian Growlithe.jpg	4080	3072	3072	4080	6	64.85	66.7	51.11	19.46	14.09	0.11	
0206-07-Hisuian Growlithe.jpg	4080	3072	3072	4080	6	56.43	57.23	48.64	24.02	19.69	0.0	
0301-07-Magneton.jpg	4080	3072	3072	4080	6	67.9	68.59	51.67	29.81	11.87	0.17	
0302-07-Magneton.jpg	4080	3072	3072	4080	6	68.58	70.12	51.47	26.48	9.49	0.22	
0303-07-Magneton.jpg	4080	3072	3072	4080	6	67.18	68.98	50.95	29.91	11.05	0.13	
0304-07-Magneton.jpg	4080	3072	3072	4080	6	69.47	69.98	51.19	29.89	10.23	0.19	
0305-07-Magneton.jpg	4080	3072	3072	4080	6	68.96	70.62	51.34	25.75	8.48	0.31	
0306-07-Magneton.jpg	4080	3072	3072	4080	6	56.66	59.26	48.51	28.92	16.91	0.02	
0401-07-Chansey.jpg	4080	3072	3072	4080	6	72.33	70.97	49.51	26.13	5.37	0.19	
0402-07-Chansey.jpg	4080	3072	3072	4080	6	70.78	70.66	50.44	23.14	5.94	0.44	
0404-07-Chansey.jpg	4080	3072	3072	4080	6	74.67	74.93	52.22	23.74	4.91	0.01	
0405-07-Chansey.jpg	4080	3072	3072	4080	6	68.02	66.84	49.43	22.51	9.36	0.25	
0406-07-Chansey.jpg	4080	3072	3072	4080	6	60.05	62.05	50.74	23.49	16.1	0.07	
0501-07-Horsea.jpg	4080	3072	3072	4080	6	67.93	71.21	53.25	22.46	10.57	0.0	
0502-07-Horsea.jpg	4080	3072	3072	4080	6	68.15	71.25	53.07	21.26	10.48	0.01	
0504-07-Horsea.jpg	4080	3072	3072	4080	6	66.75	69.59	52.0	27.66	11.67	0.18	
0505-07-Horsea.jpg	4080	3072	3072	4080	6	66.19	65.68	49.13	29.24	11.27	0.03	
0506-07-Horsea.jpg	4080	3072	3072	4080	6	64.26	59.6	47.26	28.95	11.08	0.03	
0601-07-Sunflora.jpg	4080	3072	3072	4080	6	61.78	61.32	47.68	23.81	15.07	0.0	
0602-07-Sunflora.jpg	4080	3072	3072	4080	6	57.19	57.93	46.6	20.62	17.27	0.0	
0603-07-Sunflora.jpg	4080	3072	3072	4080	6	54.58	56.61	45.88	23.7	18.23	0.06	
0604-07-Sunflora.jpg	4080	3072	3072	4080	6	55.81	56.6	45.96	23.0	18.13	0.06	
0605-07-Sunflora.jpg	4080	3072	3072	4080	6	67.22	64.82	47.09	21.78	8.37	0.0	
0701-07-Skarmory.jpg	4080	3072	3072	4080	6	60.7	63.86	50.68	20.79	14.9	0.09	
0702-07-Skarmory.jpg	4080	3072	3072	4080	6	62.56	64.6	50.38	21.75	13.06	0.12	
0703-07-Skarmory.jpg	4080	3072	3072	4080	6	56.47	59.46	48.3	27.12	17.78	0.11	
0704-07-Skarmory.jpg	4080	3072	3072	4080	6	57.21	59.89	48.26	27.74	16.86	0.12	
0705-07-Skarmory.jpg	4080	3072	3072	4080	6	65.2	66.24	50.2	20.11	9.42	0.22	
0801-07-Houndoom.jpg	4080	3072	3072	4080	6	60.09	59.78	47.06	18.31	12.3	0.05	
0802-07-Houndoom.jpg	4080	3072	3072	4080	6	61.42	60.57	47.16	20.27	11.18	0.04	
0803-07-Houndoom.jpg	4080	3072	3072	4080	6	56.08	56.86	45.73	22.7	16.38	0.05	
0804-07-Houndoom.jpg	4080	3072	3072	4080	6	56.5	57.3	46.44	26.69	15.88	0.09	
0805-07-Houndoom.jpg	4080	3072	3072	4080	6	65.84	63.86	47.58	20.48	8.35	0.05	
0806-07-Houndoom.jpg	4080	3072	3072	4080	6	69.55	63.01	47.18	22.95	8.11	0.0	
0901-07-Phanpy.jpg	4080	3072	3072	4080	6	61.99	63.75	48.56	16.95	12.41	0.02	soft_focus
0902-07-Phanpy.jpg	4080	3072	3072	4080	6	60.93	62.76	48.33	16.49	13.39	0.03	soft_focus
0903-07-Phanpy.jpg	4080	3072	3072	4080	6	60.91	63.01	48.14	22.1	13.13	0.06	
0904-07-Phanpy.jpg	4080	3072	3072	4080	6	61.86	63.54	48.58	20.15	12.69	0.06	
0905-07-Phanpy.jpg	4080	3072	3072	4080	6	59.44	61.37	47.26	15.86	13.43	0.01	soft_focus
0906-07-Phanpy.jpg	4080	3072	3072	4080	6	56.42	57.77	47.42	18.72	17.57	0.01	
1001-07-Vibrava.jpg	4080	3072	3072	4080	6	57.87	59.27	47.53	19.66	15.19	0.13	
1002-07-Vibrava.jpg	4080	3072	3072	4080	6	58.57	60.76	48.31	20.52	14.63	0.04	
1003-07-Vibrava.jpg	4080	3072	3072	4080	6	60.08	61.64	47.96	23.13	14.11	0.09	
1004-07-Vibrava.jpg	4080	3072	3072	4080	6	58.0	60.29	48.33	25.41	15.66	0.07	
1005-07-Vibrava.jpg	4080	3072	3072	4080	6	60.0	61.04	47.57	18.11	13.19	0.06	
1006-07-Vibrava.jpg	4080	3072	3072	4080	6	54.26	55.1	45.78	22.04	17.84	0.01	
1101-07-Chimecho.jpg	4080	3072	3072	4080	6	59.02	59.62	48.13	24.01	15.37	0.02	
1102-07-Chimecho.jpg	4080	3072	3072	4080	6	58.12	59.42	47.9	22.95	16.02	0.02	
1103-07-Chimecho.jpg	4080	3072	3072	4080	6	57.79	59.45	47.56	26.5	15.89	0.11	
1104-07-Chimecho.jpg	4080	3072	3072	4080	6	59.78	60.23	47.68	25.43	14.6	0.06	
1105-07-Chimecho.jpg	4080	3072	3072	4080	6	58.94	60.06	48.11	20.64	14.91	0.02	
1106-07-Chimecho.jpg	4080	3072	3072	4080	6	71.77	65.38	48.42	24.87	7.37	0.0	
1201-07-Spheal.jpg	4080	3072	3072	4080	6	58.04	59.7	48.72	17.14	16.15	0.02	
1202-07-Spheal.jpg	4080	3072	3072	4080	6	58.45	60.05	48.81	19.7	16.17	0.02	
1203-07-Spheal.jpg	4080	3072	3072	4080	6	57.79	59.96	47.93	23.12	16.01	0.09	
1204-07-Spheal.jpg	4080	3072	3072	4080	6	60.18	61.29	48.54	22.62	14.91	0.14	
1205-07-Spheal.jpg	4080	3072	3072	4080	6	58.23	60.08	48.66	17.83	16.13	0.01	
1206-07-Spheal.jpg	4080	3072	3072	4080	6	63.68	59.51	47.73	26.21	12.14	0.0	
1301-07-Latios.jpg	4080	3072	3072	4080	6	62.0	60.77	48.71	25.32	14.38	0.01	
1302-07-Latios.jpg	4080	3072	3072	4080	6	58.95	58.5	48.25	24.61	16.65	0.01	
1304-07-Latios.jpg	4080	3072	3072	4080	6	60.12	59.65	47.78	28.32	15.02	0.08	
1305-07-Latios.jpg	4080	3072	3072	4080	6	59.35	57.56	47.75	24.16	16.24	0.0	
1306-07-Latios.jpg	4080	3072	3072	4080	6	64.27	59.41	47.56	29.1	11.47	0.0	
1401-07-Timburr.jpg	4080	3072	3072	4080	6	56.92	58.41	47.71	20.48	17.03	0.05	
1402-07-Timburr.jpg	4080	3072	3072	4080	6	57.15	58.56	47.53	20.62	16.16	0.04	
1403-07-Timburr.jpg	4080	3072	3072	4080	6	59.94	62.4	48.92	21.45	14.75	0.09	
1404-07-Timburr.jpg	4080	3072	3072	4080	6	57.63	60.1	48.81	25.21	16.68	0.1	
1405-07-Timburr.jpg	4080	3072	3072	4080	6	57.46	58.84	47.61	19.56	15.83	0.04	
1501-07-Joltik.jpg	4080	3072	3072	4080	6	58.68	60.77	48.99	23.84	15.95	0.02	
1502-07-Joltik.jpg	4080	3072	3072	4080	6	58.27	60.08	48.66	23.62	15.85	0.02	
1504-07-Joltik.jpg	4080	3072	3072	4080	6	66.46	66.23	48.69	26.1	9.29	0.11	
1505-07-Joltik.jpg	4080	3072	3072	4080	6	56.43	57.77	47.18	23.51	17.1	0.01	
1506-07-Joltik.jpg	4080	3072	3072	4080	6	58.15	59.66	48.46	25.31	16.54	0.01	
1601-07-Stunfisk.jpg	4080	3072	3072	4080	6	56.45	58.07	46.8	19.24	17.99	0.01	
1602-07-Stunfisk.jpg	4080	3072	3072	4080	6	56.4	58.1	47.26	18.82	18.02	0.01	
1603-07-Stunfisk.jpg	4080	3072	3072	4080	6	61.99	62.37	47.78	24.29	13.85	0.06	
1604-07-Stunfisk.jpg	4080	3072	3072	4080	6	55.98	57.62	47.03	22.84	18.61	0.02	
1605-07-Stunfisk.jpg	4080	3072	3072	4080	6	56.24	57.78	46.87	18.66	18.12	0.01	
1606-07-Stunfisk.jpg	4080	3072	3072	4080	6	56.53	58.3	47.51	22.29	17.65	0.01	
1701-07-Braviary.jpg	4080	3072	3072	4080	6	58.76	61.33	50.24	24.88	16.96	0.04	
1702-07-Braviary.jpg	4080	3072	3072	4080	6	59.75	61.79	50.5	24.67	16.07	0.1	
1703-07-Braviary.jpg	4080	3072	3072	4080	6	56.4	58.96	48.62	29.84	18.94	0.13	
1704-07-Braviary.jpg	4080	3072	3072	4080	6	59.12	61.69	50.07	30.93	16.49	0.2	
1705-07-Braviary.jpg	4080	3072	3072	4080	6	58.44	60.32	49.42	26.32	16.76	0.01	
1706-07-Braviary.jpg	4080	3072	3072	4080	6	56.79	58.45	48.38	26.93	17.12	0.01	
1801-07-Vivillon.jpg	4080	3072	3072	4080	6	61.51	60.65	48.79	21.99	13.6	0.01	
1802-07-Vivillon.jpg	4080	3072	3072	4080	6	61.44	60.02	48.19	24.58	13.58	0.0	
1803-07-Vivillon.jpg	4080	3072	3072	4080	6	61.67	61.16	47.67	28.11	12.6	0.09	
1804-07-Vivillon.jpg	4080	3072	3072	4080	6	67.99	64.51	46.8	25.89	7.7	0.06	
1805-07-Vivillon.jpg	4080	3072	3072	4080	6	61.05	59.7	47.63	23.14	13.21	0.0	
1806-07-Vivillon.jpg	4080	3072	3072	4080	6	63.47	60.97	48.45	24.65	12.13	0.01	
1901-07-Raboot.jpg	4080	3072	3072	4080	6	58.2	57.34	47.37	21.13	15.4	0.02	
1902-07-Raboot.jpg	4080	3072	3072	4080	6	58.91	58.49	47.6	23.29	13.85	0.02	
1903-07-Raboot.jpg	4080	3072	3072	4080	6	58.74	58.06	47.12	28.78	15.84	0.08	
1904-07-Raboot.jpg	4080	3072	3072	4080	6	62.66	61.29	47.58	25.62	11.61	0.15	
1905-07-Raboot.jpg	4080	3072	3072	4080	6	57.99	57.14	47.02	21.11	15.77	0.01	
2001-07-Applin.jpg	4080	3072	3072	4080	6	57.16	57.14	46.85	25.41	16.62	0.02	
2002-07-Applin.jpg	4080	3072	3072	4080	6	63.72	62.48	48.48	27.09	11.93	0.02	
2003-07-Applin.jpg	4080	3072	3072	4080	6	54.93	56.51	46.5	29.06	18.68	0.06	
2004-07-Applin.jpg	4080	3072	3072	4080	6	54.95	56.09	46.34	25.81	18.19	0.03	
2005-07-Applin.jpg	4080	3072	3072	4080	6	63.76	61.99	48.18	22.09	12.09	0.02	
2006-07-Applin.jpg	4080	3072	3072	4080	6	58.12	57.51	46.94	25.48	15.99	0.01	
2101-07-Milcery.jpg	4080	3072	3072	4080	6	70.34	66.13	49.75	18.51	8.67	0.0	
2102-07-Milcery.jpg	4080	3072	3072	4080	6	69.74	65.68	50.54	18.53	9.45	0.0	
2103-07-Milcery.jpg	4080	3072	3072	4080	6	70.77	66.43	47.89	25.57	6.62	0.08	
2104-07-Milcery.jpg	4080	3072	3072	4080	6	73.15	68.38	48.21	19.96	5.8	0.09	
2105-07-Milcery.jpg	4080	3072	3072	4080	6	68.33	63.77	49.16	20.3	9.33	0.0	
2106-07-Milcery.jpg	4080	3072	3072	4080	6	71.43	65.67	48.42	23.15	6.94	0.0	
2201-07-Floragato.jpg	4080	3072	3072	4080	6	59.92	58.16	47.37	20.8	14.93	0.01	
2202-07-Floragato.jpg	4080	3072	3072	4080	6	66.02	62.88	47.99	25.93	10.17	0.01	
2203-07-Floragato.jpg	4080	3072	3072	4080	6	54.91	55.87	46.18	26.34	18.0	0.06	
2204-07-Floragato.jpg	4080	3072	3072	4080	6	55.89	56.15	46.32	26.37	16.72	0.09	
2205-07-Floragato.jpg	4080	3072	3072	4080	6	75.09	69.41	47.87	23.25	4.92	0.0	
2301-07-Crocalor.jpg	4080	3072	3072	4080	6	56.26	55.74	46.67	22.82	17.0	0.01	
2302-07-Crocalor.jpg	4080	3072	3072	4080	6	55.75	55.61	46.6	23.84	17.14	0.01	
2303-07-Crocalor.jpg	4080	3072	3072	4080	6	56.41	56.76	46.38	29.01	17.09	0.05	
2304-07-Crocalor.jpg	4080	3072	3072	4080	6	59.4	59.11	47.1	26.08	13.94	0.13	
2305-07-Crocalor.jpg	4080	3072	3072	4080	6	59.79	57.25	46.65	25.34	14.19	0.0	
2306-07-Crocalor.jpg	4080	3072	3072	4080	6	59.43	56.87	46.98	25.65	15.62	0.0	
2401-07-Quaxwell.jpg	4080	3072	3072	4080	6	61.36	58.65	48.07	23.32	14.1	0.0	
2402-07-Quaxwell.jpg	4080	3072	3072	4080	6	58.0	57.38	48.04	21.56	16.64	0.01	
2403-07-Quaxwell.jpg	4080	3072	3072	4080	6	54.05	54.03	46.11	29.22	19.72	0.07	
2404-07-Quaxwell.jpg	4080	3072	3072	4080	6	60.87	58.5	46.93	24.64	14.08	0.08	
2405-07-Quaxwell.jpg	4080	3072	3072	4080	6	58.11	55.92	47.64	24.66	16.69	0.0	
2406-07-Quaxwell.jpg	4080	3072	3072	4080	6	63.79	59.46	48.08	25.52	12.71	0.01	
2501-07-Ceruledge.jpg	4080	3072	3072	4080	6	64.71	60.12	47.31	23.1	11.29	0.01	
2502-07-Ceruledge.jpg	4080	3072	3072	4080	6	58.29	56.08	46.92	24.07	15.04	0.01	
2503-07-Ceruledge.jpg	4080	3072	3072	4080	6	58.1	56.55	46.75	30.34	16.07	0.05	
2504-07-Ceruledge.jpg	4080	3072	3072	4080	6	57.39	56.05	46.38	27.29	15.79	0.07	
2505-07-Ceruledge.jpg	4080	3072	3072	4080	6	63.1	59.13	47.42	22.66	12.88	0.01	
2506-07-Ceruledge.jpg	4080	3072	3072	4080	6	58.19	54.73	46.93	26.14	16.94	0.0	
2601-07-Wattrel.jpg	4080	3072	3072	4080	6	57.13	59.88	49.0	20.87	17.22	0.02	
2602-07-Wattrel.jpg	4080	3072	3072	4080	6	56.84	59.46	48.87	20.96	17.05	0.01	
2603-07-Wattrel.jpg	4080	3072	3072	4080	6	58.71	61.22	49.23	27.25	16.47	0.11	
2604-07-Wattrel.jpg	4080	3072	3072	4080	6	57.43	59.92	48.51	24.8	17.11	0.09	
2605-07-Wattrel.jpg	4080	3072	3072	4080	6	56.37	58.25	48.68	21.7	17.94	0.01	
2606-07-Wattrel.jpg	4080	3072	3072	4080	6	56.13	58.24	47.81	21.23	17.05	0.01	
2701-07-Cetitan.jpg	4080	3072	3072	4080	6	63.79	60.19	47.92	24.21	12.12	0.0	
2702-07-Cetitan.jpg	4080	3072	3072	4080	6	60.29	58.33	48.04	23.81	14.58	0.0	
2703-07-Cetitan.jpg	4080	3072	3072	4080	6	54.93	54.93	46.33	28.09	18.3	0.06	
2704-07-Cetitan.jpg	4080	3072	3072	4080	6	59.1	56.77	47.24	28.03	15.84	0.03	
2705-07-Cetitan.jpg	4080	3072	3072	4080	6	68.26	64.08	48.49	26.01	8.99	0.0	
2801-07-Tatsugiri.jpg	4080	3072	3072	4080	6	57.97	59.74	48.11	22.19	15.54	0.03	
2802-07-Tatsugiri.jpg	4080	3072	3072	4080	6	57.25	58.4	47.38	25.6	16.22	0.01	
2803-07-Tatsugiri.jpg	4080	3072	3072	4080	6	58.38	60.39	47.57	31.22	15.7	0.07	
2804-07-Tatsugiri.jpg	4080	3072	3072	4080	6	62.91	63.72	48.19	26.88	11.82	0.12	
2805-07-Tatsugiri.jpg	4080	3072	3072	4080	6	56.02	57.68	47.04	23.92	17.11	0.02	
